City_ID,City,Lat,Lng,Max Temp,Humidity,Cloudiness,Wind Speed,Country,Date
0,Huarmey,-3.8004,102.2655,297.48,89,81,4.72,ID,2021-04-02 21:21:13
1,Huarmey,-42.7826,147.0587,290.37,59,0,4.63,AU,2021-04-02 21:21:14
2,Huarmey,22.2855,114.1577,297.04,83,0,1.79,HK,2021-04-02 21:21:14
3,Huarmey,-24.8667,113.6333,298.15,94,22,4.63,AU,2021-04-02 21:21:14
4,Huarmey,65.5833,-171.0,259.86,86,100,5.68,RU,2021-04-02 21:21:14
5,Huarmey,-23.1203,-134.9692,298.18,78,99,5.13,PF,2021-04-02 21:21:15
6,Huarmey,11.2833,-15.8333,297.66,79,0,9.04,GW,2021-04-02 21:21:15
7,Huarmey,-7.1911,-48.2072,298.48,86,32,1.23,BR,2021-04-02 21:21:15
8,Huarmey,47.5001,-120.5015,290.37,34,100,0.89,US,2021-04-02 21:21:15
9,Huarmey,5.4112,100.3354,302.04,94,20,1.54,MY,2021-04-02 21:16:56
10,Huarmey,41.2547,67.9692,281.29,42,7,4.14,KZ,2021-04-02 21:21:16
11,Huarmey,60.7522,-137.5108,270.15,36,98,2.57,CA,2021-04-02 21:21:16
12,Huarmey,42.6001,-73.9662,275.93,30,100,0.45,US,2021-04-02 21:19:44
13,Huarmey,65.6145,-37.6368,272.15,86,75,4.12,GL,2021-04-02 21:21:17
14,Huarmey,-53.15,-70.9167,282.15,76,100,2.06,CL,2021-04-02 21:16:54
15,Huarmey,41.3712,-73.414,273.71,46,100,1.34,US,2021-04-02 21:21:17
16,Huarmey,-33.9258,18.4232,290.93,67,0,3.09,ZA,2021-04-02 21:16:57
17,Huarmey,14.9167,120.55,296.15,78,40,1.03,PH,2021-04-02 21:21:18
18,Huarmey,73.5069,80.5464,245.86,84,96,2.15,RU,2021-04-02 21:21:05
19,Huarmey,-34.4187,19.2345,288.71,78,49,0.89,ZA,2021-04-02 21:21:19
20,Huarmey,-37.6167,-73.65,287.34,83,3,6.93,CL,2021-04-02 21:21:20
21,Huarmey,18.4167,-64.6167,300.15,69,75,5.66,VG,2021-04-02 21:21:20
22,Huarmey,57.79,-152.4072,276.15,30,40,1.54,US,2021-04-02 21:21:20
23,Huarmey,-16.4833,-151.75,300.62,70,0,0.97,PF,2021-04-02 21:21:21
24,Huarmey,-23.1333,150.7333,295.15,64,75,3.6,AU,2021-04-02 21:21:21
25,Huarmey,54.211,36.6229,273.15,100,83,1.0,RU,2021-04-02 21:21:21
26,Huarmey,33.194,-82.5271,286.15,21,1,4.12,US,2021-04-02 21:21:22
27,Huarmey,71.6872,128.8694,245.34,100,100,3.17,RU,2021-04-02 21:21:22
28,Huarmey,-33.8667,121.9,291.15,94,90,4.12,AU,2021-04-02 21:21:22
29,Huarmey,-33.65,115.3333,290.37,83,100,0.89,AU,2021-04-02 21:21:23
30,Huarmey,58.9303,46.7586,272.39,99,100,1.42,RU,2021-04-02 21:21:23
31,Huarmey,-9.8,-139.0333,300.1,80,23,6.02,PF,2021-04-02 21:21:15
32,Huarmey,42.097,-79.2353,275.37,34,1,7.2,US,2021-04-02 21:20:31
33,Huarmey,66.0449,-17.3389,279.15,52,0,11.32,IS,2021-04-02 21:21:24
34,Huarmey,66.1451,-65.7125,248.15,58,1,1.03,CA,2021-04-02 21:21:24
35,Huarmey,19.7297,-155.09,300.15,54,1,4.12,US,2021-04-02 21:21:24
36,Huarmey,-15.1961,12.1522,299.19,72,69,3.14,AO,2021-04-02 21:21:25
37,Huarmey,-22.9661,-42.0278,299.15,83,20,5.14,BR,2021-04-02 21:21:13
38,Huarmey,-42.8794,147.3294,290.37,59,0,4.63,AU,2021-04-02 21:21:25
39,Huarmey,50.6789,156.125,271.81,80,31,7.46,RU,2021-04-02 21:21:26
40,Huarmey,5.8933,95.3214,301.61,71,100,6.51,ID,2021-04-02 21:21:26
41,Huarmey,68.0531,39.5131,265.3,98,86,3.03,RU,2021-04-02 21:21:26
42,Huarmey,37.1041,-113.5841,302.04,11,1,1.54,US,2021-04-02 21:21:27
43,Huarmey,18.3851,42.4509,292.15,67,0,0.91,SA,2021-04-02 21:21:27
44,Huarmey,-34.5322,20.0403,283.15,93,32,2.06,ZA,2021-04-02 21:21:27
45,Huarmey,-23.943,31.1411,294.15,73,0,1.03,ZA,2021-04-02 21:21:28
46,Huarmey,-21.2,-175.2,300.15,89,75,1.54,TO,2021-04-02 21:20:44
47,Huarmey,61.8099,36.5345,268.79,97,100,0.21,RU,2021-04-02 21:21:28
48,Huarmey,13.2167,-59.5167,300.15,57,20,7.2,BB,2021-04-02 21:21:29
49,Huarmey,0.5333,72.9333,301.55,77,8,8.34,MV,2021-04-02 21:21:14
50,Huarmey,17.9583,-102.2,302.89,54,8,5.3,MX,2021-04-02 21:21:29
51,Huarmey,30.9667,61.8833,290.15,39,0,3.09,AF,2021-04-02 21:21:29
52,Huarmey,-28.783,32.0377,295.75,89,89,9.24,ZA,2021-04-02 21:21:30
53,Huarmey,-46.1927,168.8643,281.48,85,80,1.79,NZ,2021-04-02 21:21:30
54,Huarmey,68.6073,31.7962,271.15,86,40,0.37,RU,2021-04-02 21:21:30
55,Huarmey,22.0752,-159.319,299.15,65,40,5.14,US,2021-04-02 21:21:31
56,Huarmey,20.8947,-156.47,300.15,57,20,8.23,US,2021-04-02 21:18:47
57,Huarmey,43.6002,46.7789,282.89,66,52,6.09,RU,2021-04-02 21:21:31
58,Huarmey,30.1897,-82.6393,289.15,31,1,4.12,US,2021-04-02 21:21:31
59,Huarmey,52.4,7.9833,278.15,88,52,1.34,DE,2021-04-02 21:21:32
60,Huarmey,28.017,-97.5169,294.26,52,75,9.26,US,2021-04-02 21:21:32
61,Huarmey,55.7435,-97.8558,282.15,31,20,7.72,CA,2021-04-02 21:19:59
62,Huarmey,39.1834,-84.5333,282.59,27,1,2.06,US,2021-04-02 21:21:32
63,Huarmey,-54.8,-68.3,284.15,62,75,7.2,AR,2021-04-02 21:20:28
64,Huarmey,39.2446,55.5154,293.04,39,99,2.02,TM,2021-04-02 21:21:33
65,Huarmey,28.131,82.2973,290.93,49,0,2.68,NP,2021-04-02 21:21:33
66,Huarmey,20.5022,-10.0711,303.85,6,90,3.79,MR,2021-04-02 21:21:33
67,Huarmey,3.0707,172.7902,300.72,81,35,7.5,KI,2021-04-02 21:21:34
68,Huarmey,-35.1667,173.1667,292.41,74,35,4.74,NZ,2021-04-02 21:21:34
69,Huarmey,63.5671,53.6835,267.78,97,46,1.5,RU,2021-04-02 21:21:34
70,Huarmey,31.6,131.3667,289.15,94,75,5.66,JP,2021-04-02 21:21:35
71,Huarmey,18.8003,110.3967,296.89,95,28,2.8,CN,2021-04-02 21:21:35
72,Huarmey,-46.6,168.3333,281.48,85,90,1.79,NZ,2021-04-02 21:21:35
73,Huarmey,37.062,-97.0384,294.15,23,1,8.23,US,2021-04-02 21:21:35
74,Huarmey,69.4719,25.5112,272.15,100,75,1.54,NO,2021-04-02 21:21:36
75,Huarmey,10.9995,122.6711,296.89,91,91,3.16,PH,2021-04-02 21:17:18
76,Huarmey,62.456,-114.3525,259.82,78,90,3.09,CA,2021-04-02 21:21:25
77,Huarmey,23.2281,110.8261,297.37,74,2,0.66,CN,2021-04-02 21:21:36
78,Huarmey,60.9167,-46.05,276.15,81,75,2.0,GL,2021-04-02 21:21:37
79,Huarmey,59.7,150.1667,258.51,75,36,2.82,RU,2021-04-02 21:21:37
80,Huarmey,-8.19,114.9675,299.15,94,20,1.54,ID,2021-04-02 21:21:37
81,Huarmey,-28.24,-48.6703,296.15,78,75,4.12,BR,2021-04-02 21:21:38
82,Huarmey,28.8184,115.4327,289.07,93,100,2.24,CN,2021-04-02 21:21:38
83,Huarmey,41.1667,-4.0,284.26,86,99,1.82,ES,2021-04-02 21:21:38
84,Huarmey,44.7749,-117.8344,295.15,16,1,5.66,US,2021-04-02 21:21:38
85,Huarmey,3.1191,35.5973,303.61,43,51,2.75,KE,2021-04-02 21:21:39
86,Huarmey,71.9667,102.5,236.77,98,7,2.08,RU,2021-04-02 21:21:39
87,Huarmey,30.15,62.6,295.58,20,1,0.19,AF,2021-04-02 21:21:39
88,Huarmey,2.7746,32.299,294.31,79,98,1.03,UG,2021-04-02 21:21:40
89,Huarmey,70.3705,31.1107,273.07,73,98,3.29,NO,2021-04-02 21:16:40
90,Huarmey,-6.8367,-79.9342,299.15,53,0,9.77,PE,2021-04-02 21:21:27
91,Huarmey,-35.35,150.4667,289.26,88,2,5.14,AU,2021-04-02 21:21:40
92,Huarmey,-20.0064,57.6608,298.15,84,3,0.89,MU,2021-04-02 21:21:17
93,Huarmey,72.7868,-56.1549,248.84,94,100,5.46,GL,2021-04-02 21:21:06
94,Huarmey,-20.3428,57.7575,298.15,100,40,1.54,MU,2021-04-02 21:21:41
95,Huarmey,28.9611,-13.645,292.15,68,20,5.14,ES,2021-04-02 21:21:41
96,Huarmey,69.4541,-133.0374,247.15,70,75,3.09,CA,2021-04-02 21:20:44
97,Huarmey,14.905,-12.4568,307.42,6,4,3.39,SN,2021-04-02 21:21:42
98,Huarmey,-27.4524,23.4325,292.59,66,54,3.5,ZA,2021-04-02 21:21:42
99,Huarmey,-33.918,25.5701,288.15,82,20,3.6,ZA,2021-04-02 21:21:42
100,Huarmey,62.0989,126.6992,241.9,100,95,1.54,RU,2021-04-02 21:21:43
101,Huarmey,-18.2494,-43.6003,292.9,81,56,1.98,BR,2021-04-02 21:21:43
102,Huarmey,-33.5906,26.891,289.74,82,30,5.61,ZA,2021-04-02 21:21:43
103,Huarmey,-0.8833,131.25,300.09,78,100,1.38,ID,2021-04-02 21:21:43
104,Huarmey,48.7555,-91.6216,282.07,45,100,5.94,CA,2021-04-02 21:21:44
105,Huarmey,35.7333,140.8333,284.15,82,20,1.54,JP,2021-04-02 21:17:16
106,Huarmey,46.7208,-92.1041,286.15,26,1,8.75,US,2021-04-02 21:21:44
107,Huarmey,-24.7911,-50.0119,290.57,74,6,2.28,BR,2021-04-02 21:21:08
108,Huarmey,25.5198,90.2201,294.64,44,0,2.3,IN,2021-04-02 21:21:45
109,Huarmey,-22.0016,148.0466,292.34,75,7,8.2,AU,2021-04-02 21:21:45
110,Huarmey,4.9333,-52.3333,298.15,88,0,3.6,GF,2021-04-02 21:21:45
111,Huarmey,68.0546,166.4372,253.37,85,100,2.99,RU,2021-04-02 21:21:46
112,Huarmey,43.2128,-75.4557,275.37,32,1,7.72,US,2021-04-02 21:18:03
113,Huarmey,65.282,-126.8329,258.15,66,75,1.03,CA,2021-04-02 21:21:14
114,Huarmey,78.2186,15.6401,267.15,73,75,5.66,SJ,2021-04-02 21:21:46
115,Huarmey,67.45,153.6833,245.47,99,91,1.3,RU,2021-04-02 21:21:46
116,Huarmey,43.7129,39.6049,281.15,87,90,2.0,RU,2021-04-02 21:21:47
117,Huarmey,-45.5752,-72.0662,290.15,51,75,3.09,CL,2021-04-02 21:21:47
118,Huarmey,66.6871,34.3429,269.47,96,84,1.47,RU,2021-04-02 21:21:47
119,Huarmey,-38.0023,-57.5575,293.71,83,40,4.63,AR,2021-04-02 21:19:12
120,Huarmey,63.7506,-68.5145,253.15,65,1,1.54,CA,2021-04-02 21:21:48
121,Huarmey,36.3868,4.3989,287.97,85,46,1.6,DZ,2021-04-02 21:21:48
122,Huarmey,51.6667,135.7,272.39,94,66,3.1,RU,2021-04-02 21:21:48
123,Huarmey,62.5903,40.6066,270.38,97,100,0.5,RU,2021-04-02 21:21:49
124,Huarmey,-33.6971,-53.4616,292.69,69,10,3.52,UY,2021-04-02 21:21:09
125,Huarmey,35.3029,37.1841,281.47,85,7,8.0,SY,2021-04-02 21:18:13
126,Huarmey,71.2906,-156.7887,246.15,69,1,2.57,US,2021-04-02 21:20:06
127,Huarmey,14.9215,-23.5087,298.15,44,0,8.75,CV,2021-04-02 21:21:49
128,Huarmey,24.2667,87.25,297.5,10,0,2.15,IN,2021-04-02 21:21:50
129,Huarmey,59.7035,30.7861,274.82,93,0,1.46,RU,2021-04-02 21:21:50
130,Huarmey,41.1501,-82.5499,277.59,34,1,0.45,US,2021-04-02 21:21:50
131,Huarmey,9.285,105.7244,300.76,78,66,2.86,VN,2021-04-02 21:21:50
132,Huarmey,17.4897,104.1006,299.06,69,12,1.64,TH,2021-04-02 21:21:51
133,Huarmey,-8.9266,125.4092,289.12,97,100,1.38,TL,2021-04-02 21:21:51
134,Huarmey,-43.3002,-65.1023,295.06,52,80,9.44,AR,2021-04-02 21:21:51
135,Huarmey,4.375,-7.7169,299.58,88,29,3.95,LR,2021-04-02 21:21:52
136,Huarmey,-0.6,73.0833,301.84,75,85,8.8,MV,2021-04-02 21:21:52
137,Huarmey,27.0377,14.4283,293.59,21,0,3.92,LY,2021-04-02 21:21:52
138,Huarmey,-7.3,27.4167,294.36,89,16,1.52,CD,2021-04-02 21:21:53
139,Huarmey,27.6881,111.4294,284.67,92,100,1.87,CN,2021-04-02 21:21:53
140,Huarmey,31.4859,106.1128,284.16,87,100,1.59,CN,2021-04-02 21:21:53
141,Huarmey,39.8161,109.9776,274.18,49,98,5.95,CN,2021-04-02 21:21:54
142,Huarmey,57.0531,-135.33,276.15,81,90,0.66,US,2021-04-02 21:21:45
143,Huarmey,-14.48,-70.6411,282.2,70,100,4.32,PE,2021-04-02 21:21:54
144,Huarmey,48.6254,44.0449,277.15,81,0,3.0,RU,2021-04-02 21:21:54
145,Huarmey,50.6501,-104.8678,287.59,21,20,3.6,CA,2021-04-02 21:21:55
146,Huarmey,-21.0096,55.2707,298.15,83,75,6.69,RE,2021-04-02 21:21:55
147,Huarmey,-46.1333,167.6833,281.48,85,100,1.79,NZ,2021-04-02 21:21:55
148,Huarmey,-15.8631,-38.8828,302.15,79,75,2.06,BR,2021-04-02 21:21:56
149,Huarmey,21.3156,-158.0072,300.15,50,75,4.12,US,2021-04-02 21:21:56
150,Huarmey,27.1467,57.0801,296.15,78,0,3.09,IR,2021-04-02 21:21:56
151,Huarmey,64.1835,-51.7216,265.15,86,75,6.69,GL,2021-04-02 21:21:57
152,Huarmey,-21.2078,-159.775,302.15,70,31,7.2,CK,2021-04-02 21:21:57
153,Huarmey,60.5544,-151.2583,270.15,54,1,1.43,US,2021-04-02 21:19:21
154,Huarmey,32.6667,-17.1,290.15,72,40,3.09,PT,2021-04-02 21:21:57
155,Huarmey,53.6942,88.0603,267.64,93,100,1.57,RU,2021-04-02 21:21:58
156,Huarmey,49.1447,56.4872,275.67,81,100,8.93,KZ,2021-04-02 21:21:58
157,Huarmey,40.5982,-124.1573,288.71,82,1,5.66,US,2021-04-02 21:21:45
158,Huarmey,60.05,69.9,273.32,95,100,3.63,RU,2021-04-02 21:21:58
159,Huarmey,62.1077,10.6307,271.15,80,75,8.75,NO,2021-04-02 21:21:59
160,Huarmey,-2.5744,150.7967,301.59,77,99,3.89,PG,2021-04-02 21:21:59
161,Huarmey,-22.6667,167.4833,296.87,86,100,14.49,NC,2021-04-02 21:21:59
162,Huarmey,5.8808,-10.0467,300.15,94,20,2.85,LR,2021-04-02 21:19:23
163,Huarmey,-9.6567,120.2641,298.55,88,100,4.25,ID,2021-04-02 21:22:00
164,Huarmey,35.1333,140.3,288.15,72,20,2.06,JP,2021-04-02 21:22:00
165,Huarmey,36.6167,101.7667,272.62,90,100,1.6,CN,2021-04-02 21:22:01
166,Huarmey,15.1167,108.8,296.26,94,34,1.35,VN,2021-04-02 21:22:01
167,Huarmey,-0.3167,102.35,296.29,93,71,1.17,ID,2021-04-02 21:22:01
168,Huarmey,69.2167,-51.1,260.15,61,75,3.6,GL,2021-04-02 21:22:01
169,Huarmey,26.6845,-80.6676,294.26,65,22,2.24,US,2021-04-02 21:18:15
170,Huarmey,-41.8697,-73.8203,287.59,82,90,2.06,CL,2021-04-02 21:22:02
171,Huarmey,42.2667,27.7667,284.15,87,20,4.12,BG,2021-04-02 21:22:02
172,Huarmey,-20.4081,57.7,297.15,100,40,1.54,MU,2021-04-02 21:22:03
173,Huarmey,63.05,179.3167,259.91,86,98,6.08,RU,2021-04-02 21:22:03
174,Huarmey,-46.2817,169.8464,283.71,74,81,1.79,NZ,2021-04-02 21:22:03
175,Huarmey,45.7625,106.2708,271.28,31,3,3.82,MN,2021-04-02 21:22:04
176,Huarmey,64.3833,-173.3,261.19,90,100,7.58,RU,2021-04-02 21:22:04
177,Huarmey,-4.5,37.9,294.2,93,89,3.12,TZ,2021-04-02 21:18:28
178,Huarmey,-28.7667,114.6,294.15,88,82,5.66,AU,2021-04-02 21:22:04
179,Huarmey,71.0357,27.8492,270.7,89,96,2.75,NO,2021-04-02 21:22:05
180,Huarmey,-15.5333,167.1667,300.32,81,100,0.15,VU,2021-04-02 21:22:05
181,Huarmey,10.9333,108.1,297.8,89,96,1.14,VN,2021-04-02 21:22:06
182,Huarmey,-33.0153,27.9116,290.61,82,99,6.87,ZA,2021-04-02 21:22:06
183,Huarmey,51.4667,140.7833,273.32,93,100,6.0,RU,2021-04-02 21:22:06
184,Huarmey,-7.3817,108.2082,294.85,94,54,1.64,ID,2021-04-02 21:22:07
185,Huarmey,22.8909,-109.9124,304.26,29,75,1.03,MX,2021-04-02 21:20:02
186,Huarmey,64.5011,-165.4064,262.15,85,90,10.8,US,2021-04-02 21:22:07
187,Huarmey,32.296,-81.2354,287.15,23,1,3.6,US,2021-04-02 21:18:06
188,Huarmey,30.7663,74.1231,290.68,7,0,2.53,PK,2021-04-02 21:22:08
189,Huarmey,47.6666,-52.7314,279.15,93,75,6.69,CA,2021-04-02 21:21:07
190,Huarmey,-31.4333,152.9167,290.93,99,99,0.45,AU,2021-04-02 21:22:08
191,Huarmey,50.5994,97.5228,261.36,89,6,0.84,RU,2021-04-02 21:22:08
192,Huarmey,-19.9842,57.6142,298.15,84,3,0.89,MU,2021-04-02 21:22:09
193,Huarmey,-4.0625,144.0661,296.02,98,100,0.81,PG,2021-04-02 21:22:09
194,Huarmey,-7.95,110.2833,297.69,87,47,1.77,ID,2021-04-02 21:22:10
195,Huarmey,29.5667,-104.4167,302.15,18,1,4.63,MX,2021-04-02 21:22:10
196,Huarmey,54.4277,50.8051,272.58,92,18,5.49,RU,2021-04-02 21:22:10
197,Huarmey,51.2029,29.0823,275.81,74,62,3.13,UA,2021-04-02 21:22:11
198,Huarmey,62.2266,-6.589,279.15,87,75,8.23,FO,2021-04-02 21:22:11
199,Huarmey,64.8378,-147.7164,260.93,61,1,1.11,US,2021-04-02 21:22:11
200,Huarmey,-40.8135,-62.9967,299.1,32,98,3.25,AR,2021-04-02 21:22:12
201,Huarmey,61.1417,45.9144,268.67,96,100,0.43,RU,2021-04-02 21:22:12
202,Huarmey,50.0334,-66.8654,271.48,74,100,5.66,CA,2021-04-02 21:22:12
203,Huarmey,64.8569,-147.8028,260.37,61,75,1.19,US,2021-04-02 21:20:30
204,Huarmey,22.5667,83.4667,295.15,8,1,3.09,IN,2021-04-02 21:22:13
205,Huarmey,-32.035,-52.0986,296.15,64,20,4.12,BR,2021-04-02 21:22:13
206,Huarmey,-20.5167,57.5167,297.15,100,40,1.54,MU,2021-04-02 21:22:13
207,Huarmey,64.2539,-15.2082,279.6,58,3,3.87,IS,2021-04-02 21:22:14
208,Huarmey,50.2536,-96.0612,287.59,61,100,5.36,CA,2021-04-02 21:22:14
209,Huarmey,5.5167,5.75,300.03,80,16,2.29,NG,2021-04-02 21:22:14
210,Huarmey,51.226,-58.6502,275.54,99,100,4.76,CA,2021-04-02 21:22:14
211,Huarmey,-38.65,-72.2333,292.15,68,40,4.63,CL,2021-04-02 21:22:15
212,Huarmey,46.6166,10.7002,292.15,100,75,2.57,IT,2021-04-02 21:22:15
213,Huarmey,-21.15,149.2,294.15,83,75,7.2,AU,2021-04-02 21:22:15
214,Huarmey,-16.7833,-151.5,300.53,73,9,1.29,PF,2021-04-02 21:22:16
215,Huarmey,38.0833,138.4333,286.15,71,0,3.6,JP,2021-04-02 21:22:16
216,Huarmey,60.4667,166.1,257.78,89,79,1.9,RU,2021-04-02 21:22:16
217,Huarmey,-17.7125,-39.2481,298.63,80,46,2.71,BR,2021-04-02 21:22:17
218,Huarmey,54.9102,9.8987,279.15,81,3,5.14,DK,2021-04-02 21:22:17
219,Huarmey,59.0556,80.8572,273.2,97,100,5.9,RU,2021-04-02 21:22:17
220,Huarmey,31.8111,121.655,289.26,94,100,4.38,CN,2021-04-02 21:22:18
221,Huarmey,25.0213,37.2685,293.01,49,0,5.99,SA,2021-04-02 21:22:03
222,Huarmey,41.1702,75.8106,264.79,50,1,1.26,KG,2021-04-02 21:21:21
223,Huarmey,-36.777,-59.8585,292.6,74,17,2.6,AR,2021-04-02 21:22:18
224,Huarmey,37.8333,12.6667,285.15,71,0,2.57,IT,2021-04-02 21:17:27
225,Huarmey,-22.92,-42.5103,299.15,83,20,5.14,BR,2021-04-02 21:22:19
226,Huarmey,-37.5662,143.8496,288.14,60,0,2.37,AU,2021-04-02 21:22:19
227,Huarmey,8.0333,-2.8,304.11,26,84,1.65,CI,2021-04-02 21:22:19
228,Huarmey,-15.4311,-74.6158,299.07,63,9,4.42,PE,2021-04-02 21:22:20
229,Huarmey,77.484,-69.3632,246.03,76,100,4.42,GL,2021-04-02 21:22:20
230,Huarmey,5.0314,25.1361,298.24,56,91,1.45,CF,2021-04-02 21:22:20
231,Huarmey,51.0333,-4.2167,281.48,75,2,4.02,GB,2021-04-02 21:22:21
232,Huarmey,0.267,36.5389,289.94,81,100,1.11,KE,2021-04-02 21:22:21
233,Huarmey,64.8989,45.7622,271.06,98,100,0.78,RU,2021-04-02 21:22:21
234,Huarmey,63.8424,-22.4338,278.15,81,90,7.2,IS,2021-04-02 21:22:22
235,Huarmey,42.9019,133.9064,277.69,61,100,3.15,RU,2021-04-02 21:22:22
236,Huarmey,68.2191,-135.0107,252.15,59,100,1.54,CA,2021-04-02 21:22:22
237,Huarmey,-41.45,147.1667,285.15,100,8,3.6,AU,2021-04-02 21:22:22
238,Huarmey,19.1059,37.3321,297.0,64,30,5.9,SD,2021-04-02 21:22:23
239,Huarmey,65.5333,72.5167,270.93,97,100,3.88,RU,2021-04-02 21:22:23
240,Huarmey,55.8393,13.3039,277.59,77,2,1.34,SE,2021-04-02 21:22:24
241,Huarmey,-38.5473,-58.7368,293.15,64,99,3.23,AR,2021-04-02 21:22:24
242,Huarmey,-2.4667,-78.1667,299.15,65,20,4.63,EC,2021-04-02 21:22:24
243,Huarmey,26.1842,127.7558,295.15,100,75,1.54,JP,2021-04-02 21:22:25
244,Huarmey,-0.8667,134.0833,298.0,79,100,1.25,ID,2021-04-02 21:22:25
245,Huarmey,62.55,155.55,252.26,99,93,2.37,RU,2021-04-02 21:22:25
246,Huarmey,68.75,161.3,252.41,80,100,2.75,RU,2021-04-02 21:22:26
247,Huarmey,-9.4333,159.95,300.54,72,98,1.07,SB,2021-04-02 21:22:26
248,Huarmey,-21.3393,55.4781,298.15,88,75,6.69,RE,2021-04-02 21:22:26
249,Huarmey,-34.0033,24.7314,285.93,94,0,0.45,ZA,2021-04-02 21:22:26
250,Huarmey,-6.1349,12.3689,300.81,81,95,2.65,AO,2021-04-02 21:22:27
251,Huarmey,16.5833,82.0167,298.04,97,84,1.6,IN,2021-04-02 21:22:27
252,Huarmey,-0.9131,122.8766,298.65,75,100,0.76,ID,2021-04-02 21:22:27
253,Huarmey,56.9413,47.2499,275.64,99,100,5.02,RU,2021-04-02 21:22:28
254,Huarmey,5.4802,-53.2011,297.21,92,100,4.48,GF,2021-04-02 21:22:28
255,Huarmey,27.3747,87.2039,288.92,23,0,2.61,NP,2021-04-02 21:22:28
256,Huarmey,-41.0667,145.9167,287.19,89,1,2.42,AU,2021-04-02 21:22:29
257,Huarmey,-26.6481,15.1594,294.26,48,0,6.31,NA,2021-04-02 21:21:56
258,Huarmey,-13.4408,-49.1486,299.08,76,98,0.9,BR,2021-04-02 21:22:29
259,Huarmey,42.8,93.45,281.76,16,0,3.07,CN,2021-04-02 21:22:29
260,Huarmey,35.9911,-106.0806,292.15,15,75,0.88,US,2021-04-02 21:22:30
261,Huarmey,60.3725,93.0408,268.53,92,100,4.51,RU,2021-04-02 21:22:30
262,Huarmey,67.6713,53.087,265.07,95,99,2.81,RU,2021-04-02 21:22:30
263,Huarmey,4.9247,6.2642,299.79,80,53,2.59,NG,2021-04-02 21:18:04
264,Huarmey,-21.05,31.6667,292.76,61,0,1.72,ZW,2021-04-02 21:22:31
265,Huarmey,22.7886,100.9748,289.38,36,8,0.6,CN,2021-04-02 21:22:31
266,Huarmey,20.931,-17.0347,293.15,77,0,6.69,MR,2021-04-02 21:22:32
267,Huarmey,-10.1667,123.5833,298.59,92,100,7.45,ID,2021-04-02 21:22:32
268,Huarmey,58.0006,102.6619,272.56,92,100,5.45,RU,2021-04-02 21:22:32
269,Huarmey,38.4362,57.4316,292.05,36,33,1.68,TM,2021-04-02 21:22:32
270,Huarmey,-33.963,22.4617,286.15,88,0,0.51,ZA,2021-04-02 21:22:33
271,Huarmey,10.3997,-75.5144,303.15,70,40,8.23,CO,2021-04-02 21:22:33
272,Huarmey,-14.3779,34.3332,285.73,91,64,0.67,MW,2021-04-02 21:22:33
273,Huarmey,71.9167,114.0833,234.03,100,60,1.24,RU,2021-04-02 21:22:34
274,Huarmey,0.5738,12.8642,294.33,98,100,0.08,GA,2021-04-02 21:22:34
275,Huarmey,-20.5667,164.2833,298.02,90,100,3.01,NC,2021-04-02 21:22:34
276,Huarmey,54.4815,53.471,272.49,91,6,4.07,RU,2021-04-02 21:22:35
277,Huarmey,-34.7333,135.8667,294.2,40,0,3.59,AU,2021-04-02 21:22:35
278,Huarmey,20.4487,121.9702,299.63,75,70,4.78,PH,2021-04-02 21:22:36
279,Huarmey,-3.3333,128.9167,298.86,82,100,2.3,ID,2021-04-02 21:22:17
280,Huarmey,35.8614,14.3822,288.71,94,20,2.57,MT,2021-04-02 21:22:36
281,Huarmey,43.4606,19.8114,281.15,93,0,2.57,RS,2021-04-02 21:22:36
282,Huarmey,-19.0595,-169.9187,302.15,70,37,4.12,NU,2021-04-02 21:22:37
283,Huarmey,-0.7393,-90.3518,300.15,83,40,4.12,EC,2021-04-02 21:22:37
284,Huarmey,23.7,81.3833,295.37,10,0,2.94,IN,2021-04-02 21:22:37
285,Huarmey,18.2164,42.5053,292.15,67,0,0.51,SA,2021-04-02 21:22:38
286,Huarmey,60.5697,27.1979,274.15,86,40,2.06,FI,2021-04-02 21:22:38
287,Huarmey,7.4167,81.8167,298.78,86,5,1.17,LK,2021-04-02 21:22:38
288,Huarmey,37.7167,-25.4333,289.15,88,75,6.69,PT,2021-04-02 21:22:39
289,Huarmey,-3.3542,-64.7114,305.15,62,40,2.57,BR,2021-04-02 21:22:39
290,Huarmey,5.5577,95.3222,300.16,74,100,3.5,ID,2021-04-02 21:17:58
291,Huarmey,70.8578,29.0864,272.03,80,90,1.9,NO,2021-04-02 21:22:39
292,Huarmey,39.2342,106.3439,277.63,47,100,2.29,CN,2021-04-02 21:22:40
293,Huarmey,-1.5283,-49.2167,299.59,82,14,1.73,BR,2021-04-02 21:22:40
294,Huarmey,-33.0117,17.9442,290.15,63,19,2.06,ZA,2021-04-02 21:22:40
295,Huarmey,66.0,111.5,241.23,100,100,2.11,RU,2021-04-02 21:22:41
296,Huarmey,61.67,96.37,264.68,97,100,0.32,RU,2021-04-02 21:22:41
297,Huarmey,-11.4386,-61.4472,300.68,88,69,1.03,BR,2021-04-02 21:19:13
298,Huarmey,22.2394,68.9678,299.58,70,5,3.43,IN,2021-04-02 21:22:41
299,Huarmey,-17.3667,49.4167,296.08,80,74,3.7,MG,2021-04-02 21:22:42
300,Huarmey,69.3,139.9,247.11,99,100,0.74,RU,2021-04-02 21:22:42
301,Huarmey,35.507,27.2132,285.15,66,6,3.6,GR,2021-04-02 21:22:42
302,Huarmey,-9.8756,-56.0861,298.62,92,61,1.72,BR,2021-04-02 21:22:43
303,Huarmey,66.9395,-53.6735,261.31,77,97,1.09,GL,2021-04-02 21:22:43
304,Huarmey,65.8167,87.9833,259.36,86,99,5.21,RU,2021-04-02 21:21:07
305,Huarmey,-25.4,-70.4833,293.37,72,22,3.11,CL,2021-04-02 21:22:43
306,Huarmey,37.3894,-120.6133,302.04,20,1,2.32,US,2021-04-02 21:22:44
307,Huarmey,45.1667,10.7833,289.82,58,0,0.51,IT,2021-04-02 21:22:44
308,Huarmey,41.7764,126.0319,281.44,87,100,1.08,CN,2021-04-02 21:21:18
309,Huarmey,65.8596,24.8228,273.15,86,0,3.09,FI,2021-04-02 21:22:45
310,Huarmey,36.6177,-121.9166,288.15,63,1,3.6,US,2021-04-02 21:22:45
311,Huarmey,7.1053,-77.7641,300.42,75,100,0.3,CO,2021-04-02 21:22:45
312,Huarmey,2.6708,72.8944,301.46,75,13,7.08,MV,2021-04-02 21:22:46
313,Huarmey,20.9,70.3667,298.49,75,71,2.29,IN,2021-04-02 21:22:46
314,Huarmey,-6.2887,145.8655,289.14,93,100,0.75,PG,2021-04-02 21:22:46
315,Huarmey,29.0331,21.5482,289.97,30,0,2.35,LY,2021-04-02 21:22:47
316,Huarmey,14.5452,-60.8388,300.15,61,40,7.2,MQ,2021-04-02 21:22:47
317,Huarmey,-20.7377,116.8463,299.68,52,1,4.64,AU,2021-04-02 21:22:47
318,Huarmey,51.6632,-3.8044,282.59,72,2,4.09,GB,2021-04-02 21:22:48
319,Huarmey,-16.5382,28.7088,295.52,67,5,3.38,ZM,2021-04-02 21:22:48
320,Huarmey,27.5064,-99.5075,299.15,31,90,8.23,US,2021-04-02 21:20:58
321,Huarmey,46.0213,7.7491,286.48,100,0,7.72,CH,2021-04-02 21:22:48
322,Huarmey,42.4072,12.8592,283.71,81,0,5.66,IT,2021-04-02 21:22:49
323,Huarmey,-51.6226,-69.2181,289.15,41,0,3.6,AR,2021-04-02 21:20:52
324,Huarmey,30.5667,79.5667,277.76,33,0,3.38,IN,2021-04-02 21:22:49
325,Huarmey,28.963,-13.5477,292.15,68,20,5.14,ES,2021-04-02 21:22:49
326,Huarmey,10.5669,72.642,301.29,61,45,5.57,IN,2021-04-02 21:22:50
327,Huarmey,15.4,-89.6667,304.15,42,20,5.14,GT,2021-04-02 21:22:50
328,Huarmey,55.1001,-105.2842,277.15,52,95,6.69,CA,2021-04-02 21:22:50
329,Huarmey,-20.2333,164.0167,298.95,87,100,4.3,NC,2021-04-02 21:21:18
330,Huarmey,20.8667,-90.4,297.79,62,60,9.17,MX,2021-04-02 21:22:51
331,Huarmey,26.5851,101.7128,283.71,63,0,0.98,CN,2021-04-02 21:22:51
332,Huarmey,-25.9653,32.5892,297.04,73,20,3.6,MZ,2021-04-02 21:22:51
333,Huarmey,44.6453,-63.5724,277.15,93,100,1.54,CA,2021-04-02 21:22:48
334,Huarmey,18.4411,1.4078,300.19,7,0,5.0,ML,2021-04-02 21:22:52
335,Huarmey,14.8961,-24.4956,296.17,70,9,4.43,CV,2021-04-02 21:22:52
336,Huarmey,-34.4833,-54.3333,292.01,77,28,3.48,UY,2021-04-02 21:22:52
337,Huarmey,-16.7,-151.0167,300.68,70,0,0.06,PF,2021-04-02 21:22:53
338,Huarmey,-26.5833,18.1333,300.15,26,81,2.57,NA,2021-04-02 21:22:53
339,Huarmey,11.9934,105.4635,299.58,82,88,3.17,KH,2021-04-02 21:22:53
340,Huarmey,48.8125,103.5347,270.26,27,0,1.31,MN,2021-04-02 21:22:54
341,Huarmey,33.7385,113.3012,282.27,88,100,2.01,CN,2021-04-02 21:22:54
342,Huarmey,-18.65,-173.9833,302.15,70,40,3.6,TO,2021-04-02 21:22:54
343,Huarmey,61.2767,108.0108,263.04,94,100,4.02,RU,2021-04-02 21:22:54
344,Huarmey,-20.4,164.5667,297.84,91,100,4.19,NC,2021-04-02 21:22:55
345,Huarmey,-21.3585,55.7679,298.15,88,75,6.69,RE,2021-04-02 21:22:55
346,Huarmey,-25.85,25.6333,290.15,82,37,1.03,ZA,2021-04-02 21:22:56
347,Huarmey,14.8888,5.2692,301.15,7,0,5.14,NE,2021-04-02 21:22:56
348,Huarmey,63.2842,118.3319,240.83,99,59,1.55,RU,2021-04-02 21:22:56
349,Huarmey,41.5284,-87.4237,283.71,27,1,6.69,US,2021-04-02 21:22:56
350,Huarmey,40.2833,97.2,278.55,22,100,8.7,CN,2021-04-02 21:22:57
351,Huarmey,29.5833,-9.5,288.39,70,61,2.06,MA,2021-04-02 21:22:57
352,Huarmey,35.8567,8.4765,294.15,11,63,2.06,TN,2021-04-02 21:22:57
353,Huarmey,53.2014,5.8086,279.82,70,75,8.75,NL,2021-04-02 21:22:58
354,Huarmey,30.95,113.55,284.15,93,90,3.0,CN,2021-04-02 21:22:58
355,Huarmey,58.0458,63.696,274.82,98,100,3.26,RU,2021-04-02 21:22:58
356,Huarmey,29.0464,111.6783,283.69,85,100,3.8,CN,2021-04-02 21:22:59
357,Huarmey,70.4692,-68.5914,251.15,71,1,4.63,CA,2021-04-02 21:22:59
358,Huarmey,21.6,-98.9667,289.6,96,100,0.21,MX,2021-04-02 21:22:59
359,Huarmey,60.1432,-45.2371,275.36,98,100,1.26,GL,2021-04-02 21:23:00
360,Huarmey,61.0296,76.1136,274.15,93,90,5.0,RU,2021-04-02 21:23:00
361,Huarmey,69.7008,170.3133,247.18,93,9,0.75,RU,2021-04-02 21:20:49
362,Huarmey,-31.393,-58.0209,297.15,64,40,2.06,AR,2021-04-02 21:23:01
363,Huarmey,28.5004,-13.8627,292.15,77,40,7.72,ES,2021-04-02 21:23:01
364,Huarmey,13.0167,31.8667,301.23,10,12,8.18,SD,2021-04-02 21:23:01
365,Huarmey,-34.5833,150.8552,289.82,91,0,0.45,AU,2021-04-02 21:23:01
366,Huarmey,-5.8092,-61.3003,305.15,55,0,3.09,BR,2021-04-02 21:23:02
367,Huarmey,42.0411,-87.6901,283.71,18,20,7.2,US,2021-04-02 21:23:02
368,Huarmey,-12.2929,33.1782,288.93,93,14,2.47,ZM,2021-04-02 21:23:02
369,Huarmey,69.4865,88.3972,245.76,86,19,2.74,RU,2021-04-02 21:23:03
370,Huarmey,53.0452,158.6483,271.15,54,5,3.0,RU,2021-04-02 21:23:03
371,Huarmey,-14.4667,132.2667,294.15,94,95,2.06,AU,2021-04-02 21:23:03
372,Huarmey,8.3167,77.1833,302.15,79,20,2.06,IN,2021-04-02 21:23:04
373,Huarmey,58.4497,92.1703,271.68,91,100,3.92,RU,2021-04-02 21:23:04
374,Huarmey,39.7432,98.5174,277.95,30,100,1.56,CN,2021-04-02 21:23:04
375,Huarmey,10.346,107.0843,299.61,82,94,2.86,VN,2021-04-02 21:23:05
376,Huarmey,-18.1167,-63.9333,288.55,88,95,1.22,BO,2021-04-02 21:23:05
377,Huarmey,0.8,127.4,300.53,78,87,2.28,ID,2021-04-02 21:23:05
378,Huarmey,38.9342,100.4517,278.55,32,100,0.99,CN,2021-04-02 21:23:06
379,Huarmey,43.9298,2.148,285.93,68,25,0.89,FR,2021-04-02 21:23:06
380,Huarmey,39.6731,33.6136,278.71,74,7,2.96,TR,2021-04-02 21:23:07
381,Huarmey,1.3292,172.9752,302.15,79,40,5.14,KI,2021-04-02 21:23:07
382,Huarmey,28.3667,129.4833,292.35,94,100,5.51,JP,2021-04-02 21:23:07
383,Huarmey,17.0151,54.0924,299.15,44,0,2.57,OM,2021-04-02 21:23:08
384,Huarmey,39.8885,4.2658,287.15,94,20,1.54,ES,2021-04-02 21:23:08
385,Huarmey,-21.35,165.15,297.02,92,100,4.28,NC,2021-04-02 21:23:09
386,Huarmey,45.2698,36.3303,280.51,93,6,4.86,UA,2021-04-02 21:23:09
387,Huarmey,-32.5833,151.7833,289.82,100,62,2.57,AU,2021-04-02 21:23:09
388,Huarmey,-22.4,46.1167,289.97,97,19,2.71,MG,2021-04-02 21:23:10
389,Huarmey,-20.7333,139.5,294.15,46,0,3.09,AU,2021-04-02 21:23:10
390,Huarmey,47.9077,106.8832,266.15,86,0,1.0,MN,2021-04-02 21:23:10
391,Huarmey,-28.3167,153.4,295.37,64,90,8.23,AU,2021-04-02 21:23:10
392,Huarmey,54.4299,31.8996,274.88,79,85,2.57,RU,2021-04-02 21:20:46
393,Huarmey,29.9502,-91.7507,291.48,25,1,2.06,US,2021-04-02 21:23:11
394,Huarmey,46.3834,-75.966,274.15,19,0,6.69,CA,2021-04-02 21:23:11
395,Huarmey,49.4867,105.9228,271.2,66,0,3.22,MN,2021-04-02 21:23:11
396,Huarmey,1.6136,16.0517,297.37,76,95,1.14,CG,2021-04-02 21:23:12
397,Huarmey,13.5928,-89.8275,305.15,35,0,3.6,SV,2021-04-02 21:23:12
398,Huarmey,63.4453,120.3167,245.34,98,56,2.44,RU,2021-04-02 21:23:12
399,Huarmey,-2.5908,-51.9542,297.99,88,100,1.35,BR,2021-04-02 21:18:32
400,Huarmey,-5.1989,-35.4608,300.15,78,20,2.06,BR,2021-04-02 21:23:13
401,Huarmey,-26.2544,-49.5183,288.15,94,62,0.45,BR,2021-04-02 21:23:13
402,Huarmey,46.251,32.2927,281.33,93,100,4.82,UA,2021-04-02 21:23:13
403,Huarmey,-3.1374,142.3475,298.11,89,100,2.33,PG,2021-04-02 21:23:10
404,Huarmey,9.9658,98.6348,299.98,81,93,2.47,TH,2021-04-02 21:23:14
405,Huarmey,45.0205,-93.218,289.26,21,1,10.8,US,2021-04-02 21:23:14
406,Huarmey,29.1081,21.2869,290.11,29,0,2.25,LY,2021-04-02 21:23:14
407,Huarmey,51.3813,1.3862,280.37,72,100,2.24,GB,2021-04-02 21:23:15
408,Huarmey,45.4375,40.5756,279.92,87,11,5.64,RU,2021-04-02 21:23:15
409,Huarmey,-17.2614,27.4618,296.15,61,0,1.0,ZM,2021-04-02 21:23:15
410,Huarmey,58.8053,-122.7002,269.15,46,40,1.54,CA,2021-04-02 21:23:15
411,Huarmey,37.3394,-121.895,298.15,43,75,4.12,US,2021-04-02 21:22:18
412,Huarmey,-30.1811,-50.2056,293.63,83,95,5.56,BR,2021-04-02 21:23:16
413,Huarmey,33.816,-78.68,285.37,25,1,4.63,US,2021-04-02 21:23:16
414,Huarmey,36.2946,-76.2511,281.15,31,40,7.72,US,2021-04-02 21:23:17
415,Huarmey,30.4833,-115.95,292.57,58,0,5.23,MX,2021-04-02 21:23:17
416,Huarmey,61.7333,130.2811,249.15,64,0,3.0,RU,2021-04-02 21:23:17
417,Huarmey,12.524,-70.027,300.93,83,40,9.77,AW,2021-04-02 21:23:17
418,Huarmey,28.6833,115.8833,288.53,91,100,4.04,CN,2021-04-02 21:23:18
419,Huarmey,38.5167,-28.7,289.15,82,75,7.72,PT,2021-04-02 21:21:17
420,Huarmey,7.9986,124.2928,293.98,96,100,0.24,PH,2021-04-02 21:23:18
421,Huarmey,21.3906,-158.1547,300.15,50,75,4.12,US,2021-04-02 21:23:19
422,Huarmey,24.6877,46.7219,302.15,18,0,3.27,SA,2021-04-02 21:18:32
423,Huarmey,19.2056,-69.3369,302.15,70,20,3.09,DO,2021-04-02 21:23:19
424,Huarmey,-16.5167,-151.75,300.62,70,0,1.01,PF,2021-04-02 21:23:19
425,Huarmey,60.3778,92.6267,270.2,91,98,3.77,RU,2021-04-02 21:18:23
426,Huarmey,66.7131,27.4306,268.93,98,93,1.29,FI,2021-04-02 21:23:20
427,Huarmey,29.2747,82.1838,275.87,31,0,3.12,NP,2021-04-02 21:20:43
428,Huarmey,48.4642,135.4567,280.15,65,40,8.0,RU,2021-04-02 21:23:20
429,Huarmey,0.5412,123.0595,297.37,95,100,1.77,ID,2021-04-02 21:22:53
430,Huarmey,55.3422,-131.6461,276.15,93,90,10.8,US,2021-04-02 21:23:21
431,Huarmey,-14.2694,-71.2261,286.89,57,100,2.47,PE,2021-04-02 21:23:21
432,Huarmey,-2.9701,119.8978,290.65,79,99,1.83,ID,2021-04-02 21:23:21
433,Huarmey,11.6667,92.75,298.09,70,100,2.01,IN,2021-04-02 21:23:22
434,Huarmey,-0.1934,-74.7819,300.64,88,71,1.03,CO,2021-04-02 21:23:22
435,Huarmey,26.3544,127.8686,295.15,94,90,2.57,JP,2021-04-02 21:23:22
436,Huarmey,51.4,12.2167,279.82,70,75,8.23,DE,2021-04-02 21:23:23
437,Huarmey,55.0667,-117.2859,278.15,33,74,1.54,CA,2021-04-02 21:23:23
438,Huarmey,4.095,30.6779,294.95,75,91,1.28,SS,2021-04-02 21:23:23
439,Huarmey,-9.7024,33.2697,289.6,95,90,1.41,MW,2021-04-02 21:23:23
440,Huarmey,70.0167,135.6,247.26,99,97,3.42,RU,2021-04-02 21:23:24
441,Huarmey,58.9097,53.2691,273.38,99,100,2.13,RU,2021-04-02 21:23:24
442,Huarmey,10.6333,-61.3333,302.59,65,20,5.14,TT,2021-04-02 21:23:24
443,Huarmey,48.9583,-65.5006,270.15,80,100,8.75,CA,2021-04-02 21:23:25
444,Huarmey,29.5958,-90.7195,290.93,34,1,3.6,US,2021-04-02 21:23:25
445,Huarmey,-39.0333,-67.5833,300.15,47,20,1.54,AR,2021-04-02 21:23:25
446,Huarmey,8.3018,30.1418,302.94,15,25,2.55,SS,2021-04-02 21:23:26
447,Huarmey,29.0605,-13.564,292.15,68,20,5.14,ES,2021-04-02 21:23:26
448,Huarmey,29.05,-109.2333,308.27,9,3,9.73,MX,2021-04-02 21:23:26
449,Huarmey,39.447,-86.1758,282.59,31,4,1.31,US,2021-04-02 21:23:27
450,Huarmey,7.0167,39.9833,283.72,74,25,2.14,ET,2021-04-02 21:23:27
451,Huarmey,7.6244,-11.8332,299.84,78,38,2.45,SL,2021-04-02 21:23:27
452,Huarmey,-35.1,173.7833,292.59,81,47,3.58,NZ,2021-04-02 21:23:28
453,Huarmey,36.5418,9.6633,290.15,82,20,2.06,TN,2021-04-02 21:23:28
454,Huarmey,8.9936,-79.5197,305.15,55,20,6.69,PA,2021-04-02 21:19:11
455,Huarmey,43.3,52.8,280.12,80,5,4.94,KZ,2021-04-02 21:21:23
456,Huarmey,38.421,-121.4238,300.37,14,1,3.09,US,2021-04-02 21:23:29
457,Huarmey,39.2667,141.8833,281.72,89,95,3.92,JP,2021-04-02 21:23:29
458,Huarmey,-35.3333,-72.4167,290.93,68,22,6.85,CL,2021-04-02 21:20:57
459,Huarmey,-15.8525,-48.9592,294.15,83,40,4.63,BR,2021-04-02 21:23:29
460,Huarmey,-26.1775,-58.1781,300.15,54,0,2.57,AR,2021-04-02 21:23:30
461,Huarmey,20.0,-3.0,302.68,8,25,5.23,ML,2021-04-02 21:23:30
462,Huarmey,21.95,108.6167,297.71,85,20,3.12,CN,2021-04-02 21:23:30
463,Huarmey,43.2686,-7.5406,284.82,94,81,3.13,ES,2021-04-02 21:23:31
464,Huarmey,-30.3833,153.1,292.15,88,40,4.63,AU,2021-04-02 21:23:31
465,Huarmey,8.2,-59.7833,299.96,68,90,3.42,GY,2021-04-02 21:23:27
466,Huarmey,39.9635,-4.8308,283.78,86,48,1.0,ES,2021-04-02 21:23:31
467,Huarmey,36.9034,-104.4391,295.15,8,20,3.09,US,2021-04-02 21:23:32
468,Huarmey,9.0333,-79.5,305.15,55,20,6.69,PA,2021-04-02 21:23:32
469,Huarmey,-15.7667,128.7333,295.15,94,100,1.93,AU,2021-04-02 21:23:32
470,Huarmey,5.2052,-4.4146,302.15,84,56,3.09,CI,2021-04-02 21:23:33
471,Huarmey,-43.5333,172.6333,286.48,82,38,1.54,NZ,2021-04-02 21:22:09
472,Huarmey,-11.55,20.7833,292.28,95,99,2.2,AO,2021-04-02 21:23:33
473,Huarmey,45.7225,12.3308,288.15,88,75,4.12,IT,2021-04-02 21:23:34
474,Huarmey,-14.9003,50.2788,297.05,87,25,3.46,MG,2021-04-02 21:23:34
475,Huarmey,4.8845,-1.7554,299.94,86,50,2.39,GH,2021-04-02 21:23:34
476,Huarmey,-11.3847,43.2844,301.04,78,74,5.57,KM,2021-04-02 21:23:35
477,Huarmey,-25.25,-57.1667,301.15,44,0,2.06,PY,2021-04-02 21:23:35
478,Huarmey,37.8876,58.516,288.15,44,75,4.12,TM,2021-04-02 21:23:36
479,Huarmey,46.6806,113.2792,269.15,47,4,0.81,MN,2021-04-02 21:23:36
480,Huarmey,10.3744,10.7288,301.21,12,20,5.51,NG,2021-04-02 21:23:36
481,Huarmey,60.7377,24.7773,274.82,93,75,3.09,FI,2021-04-02 21:23:37
482,Huarmey,-28.65,153.6167,295.15,60,75,4.63,AU,2021-04-02 21:23:37
483,Huarmey,15.7432,-96.4661,308.71,40,40,5.14,MX,2021-04-02 21:23:37
484,Huarmey,7.2441,-76.4356,300.87,81,100,1.56,CO,2021-04-02 21:23:37
485,Huarmey,43.6702,-7.4101,286.48,87,64,0.94,ES,2021-04-02 21:23:38
486,Huarmey,66.4167,112.4,238.52,100,100,1.62,RU,2021-04-02 21:23:38
487,Huarmey,54.3161,-130.3201,278.15,81,90,6.17,CA,2021-04-02 21:23:38
488,Huarmey,14.4,46.4667,293.99,34,6,2.43,YE,2021-04-02 21:23:39
489,Huarmey,-19.55,169.2667,300.42,81,87,3.15,VU,2021-04-02 21:21:38
490,Huarmey,16.5167,-98.75,304.65,48,0,6.28,MX,2021-04-02 21:23:39
491,Huarmey,4.2498,117.8871,296.15,94,20,2.0,MY,2021-04-02 21:23:39
492,Huarmey,19.8,85.85,300.15,94,40,1.54,IN,2021-04-02 21:23:40
493,Huarmey,-31.5375,-68.5364,301.71,28,92,3.53,AR,2021-04-02 21:20:30
494,Huarmey,30.3333,10.85,294.51,13,6,3.29,LY,2021-04-02 21:23:17
495,Huarmey,52.6876,35.7667,274.59,91,100,2.34,RU,2021-04-02 21:23:41
496,Huarmey,47.6136,-68.7964,269.82,63,100,3.09,CA,2021-04-02 21:23:41
497,Huarmey,-12.0667,134.2667,295.46,90,100,3.41,AU,2021-04-02 21:23:41
498,Huarmey,68.1214,13.5031,274.15,75,75,5.66,NO,2021-04-02 21:23:41
499,Huarmey,-41.4122,175.5153,288.15,67,75,1.54,NZ,2021-04-02 21:23:42
500,Huarmey,31.7561,25.0865,287.64,71,0,0.23,LY,2021-04-02 21:23:42
501,Huarmey,28.5,-106.0,304.82,23,75,9.77,MX,2021-04-02 21:21:57
502,Huarmey,-10.0272,-37.5622,301.66,50,9,7.95,BR,2021-04-02 21:23:42
503,Huarmey,-10.1256,-36.1756,299.52,71,9,4.74,BR,2021-04-02 21:23:43
504,Huarmey,41.3231,19.4414,286.15,76,90,0.51,AL,2021-04-02 21:23:43
505,Huarmey,12.5847,-81.7006,303.15,66,75,6.69,CO,2021-04-02 21:23:02
506,Huarmey,41.5,33.6667,275.82,88,44,1.53,TR,2021-04-02 21:23:43
507,Huarmey,20.35,110.1288,297.15,94,0,3.0,CN,2021-04-02 21:23:44
508,Huarmey,-45.4167,167.7167,280.43,73,79,0.63,NZ,2021-04-02 21:23:44
509,Huarmey,-11.6725,-61.1936,300.24,90,62,1.21,BR,2021-04-02 21:23:44
510,Huarmey,66.5606,67.7975,271.52,98,100,2.14,RU,2021-04-02 21:23:45
511,Huarmey,38.7992,-9.4469,288.71,88,75,1.54,PT,2021-04-02 21:23:45
512,Huarmey,50.2406,43.5908,280.94,62,75,3.21,RU,2021-04-02 21:23:45
513,Huarmey,-38.6533,178.0042,288.15,71,26,2.68,NZ,2021-04-02 21:23:46
514,Huarmey,8.0726,98.9105,301.48,100,20,1.54,TH,2021-04-02 21:23:46
515,Huarmey,40.7668,-72.8521,274.82,37,90,4.63,US,2021-04-02 21:23:46
516,Huarmey,24.4667,54.3667,298.15,69,0,1.03,AE,2021-04-02 21:22:41
517,Huarmey,13.35,-15.75,302.7,36,2,4.89,GM,2021-04-02 21:23:47
518,Huarmey,56.7179,63.7866,274.8,88,99,4.39,RU,2021-04-02 21:23:47
519,Huarmey,48.6499,-53.1147,286.15,54,98,2.57,CA,2021-04-02 21:23:47
520,Huarmey,20.7141,70.9822,297.85,76,95,3.01,IN,2021-04-02 21:23:48
521,Huarmey,1.2376,111.4621,295.93,100,100,0.11,MY,2021-04-02 21:23:48
522,Huarmey,-16.6228,-72.7111,295.52,76,23,4.13,PE,2021-04-02 21:23:48
523,Huarmey,6.8708,-10.8172,298.59,87,73,1.33,LR,2021-04-02 21:20:16
524,Huarmey,29.0361,114.5636,287.3,94,100,1.5,CN,2021-04-02 21:23:49
525,Huarmey,14.3122,121.1114,299.26,78,20,2.06,PH,2021-04-02 21:23:11
526,Huarmey,70.6333,147.9167,243.72,100,97,1.41,RU,2021-04-02 21:23:49
527,Huarmey,42.9472,72.7644,272.22,52,0,3.58,KZ,2021-04-02 21:23:49
528,Huarmey,-34.6833,150.8667,289.82,92,0,0.45,AU,2021-04-02 21:23:50
529,Huarmey,-25.1667,45.05,294.73,76,85,3.71,MG,2021-04-02 21:23:50
530,Huarmey,-27.7951,-64.2615,300.09,49,21,4.37,AR,2021-04-02 21:23:46
531,Huarmey,38.6979,-9.4215,288.71,79,87,2.85,PT,2021-04-02 21:23:51
532,Huarmey,5.3505,48.5268,301.14,74,2,5.22,SO,2021-04-02 21:23:51
533,Huarmey,3.8801,-77.0312,300.95,79,99,2.37,CO,2021-04-02 21:23:51
534,Huarmey,62.5833,6.1333,277.15,65,90,2.06,NO,2021-04-02 21:23:51
535,Huarmey,6.1241,81.1185,299.57,86,40,6.63,LK,2021-04-02 21:21:28
536,Huarmey,48.4001,-89.3168,282.15,27,90,6.17,CA,2021-04-02 21:21:53
537,Huarmey,15.5667,108.4833,298.15,94,20,0.51,VN,2021-04-02 21:23:52
538,Huarmey,-8.1711,-79.0092,294.15,83,82,5.14,PE,2021-04-02 21:23:52
539,Huarmey,62.487,17.3257,276.48,56,90,5.66,SE,2021-04-02 21:23:53
540,Huarmey,36.2505,-121.2516,295.93,46,79,5.36,US,2021-04-02 21:23:53
541,Huarmey,36.1683,54.348,291.25,35,46,1.39,IR,2021-04-02 21:23:53
542,Huarmey,43.7501,-81.7165,274.15,40,2,4.12,CA,2021-04-02 21:23:54
543,Huarmey,-6.1219,141.2906,295.8,98,99,1.09,PG,2021-04-02 21:23:54
544,Huarmey,-2.7333,-78.8333,294.15,46,75,2.06,EC,2021-04-02 21:23:54
545,Huarmey,39.3558,-9.3811,287.04,87,100,1.41,PT,2021-04-02 21:23:54
546,Huarmey,-7.9667,31.6167,286.8,92,4,0.84,TZ,2021-04-02 21:23:55
547,Huarmey,59.3098,14.1081,277.15,55,10,4.63,SE,2021-04-02 21:23:55
548,Huarmey,-8.145,159.5921,301.04,77,80,1.82,SB,2021-04-02 21:23:55
549,Huarmey,41.1415,-73.3579,275.37,35,90,5.66,US,2021-04-02 21:23:56
550,Huarmey,-0.9492,100.3543,298.15,78,90,1.54,ID,2021-04-02 21:23:56
551,Huarmey,-6.6447,-51.995,298.16,93,70,0.9,BR,2021-04-02 21:23:56
552,Huarmey,16.3333,-15.0,308.15,23,0,4.26,SN,2021-04-02 21:23:57
553,Huarmey,-5.5569,-80.8222,300.89,56,25,5.62,PE,2021-04-02 21:23:57
554,Huarmey,19.6667,78.5333,302.03,13,2,1.21,IN,2021-04-02 21:23:57
555,Huarmey,57.1056,12.2508,278.15,61,4,3.58,SE,2021-04-02 21:23:57
556,Huarmey,-16.2525,-47.9503,298.15,69,75,2.06,BR,2021-04-02 21:23:58
557,Huarmey,-6.8844,112.2051,298.75,87,48,1.78,ID,2021-04-02 21:21:18
558,Huarmey,49.8668,-111.3684,290.15,21,20,3.09,CA,2021-04-02 21:23:58
559,Huarmey,54.1001,77.6646,271.82,88,100,6.8,RU,2021-04-02 21:23:59
560,Huarmey,46.4083,-105.8406,294.15,16,1,3.58,US,2021-04-02 21:23:59
561,Huarmey,-10.0681,-78.1522,296.52,75,86,4.55,PE,2021-04-02 21:23:59
